CREATE SEQUENCE SeqClient;
CREATE SEQUENCE SeqTable;
CREATE SEQUENCE SeqReservation;
CREATE SEQUENCE SeqCarte;


-- Creation des tables
-- 3 tables exterieures
INSERT INTO TableRepas
	VALUES (SeqTable.nextval, 2, 2, 2, 'EXTERIEUR');
INSERT INTO TableRepas
	VALUES (SeqTable.nextval, 2, 2, 2, 'EXTERIEUR');
INSERT INTO TableRepas
	VALUES (SeqTable.nextval, 2, 2, 2, 'EXTERIEUR');
-- 4 tables coté fenêtre
INSERT INTO TableRepas
	VALUES (SeqTable.nextval, 6, 5, 4, 'FENETRE');
INSERT INTO TableRepas
	VALUES (SeqTable.nextval, 6, 5, 4, 'FENETRE');
INSERT INTO TableRepas
	VALUES (SeqTable.nextval, 2, 2, 2, 'FENETRE');
INSERT INTO TableRepas
	VALUES (SeqTable.nextval, 2, 2, 2, 'FENETRE');
-- 5 tables coté cuisine
INSERT INTO TableRepas
	VALUES (SeqTable.nextval, 6, 5, 4, 'CUISINE');
INSERT INTO TableRepas
	VALUES (SeqTable.nextval, 4, 4, 4, 'CUISINE');
INSERT INTO TableRepas
	VALUES (SeqTable.nextval, 4, 4, 4, 'CUISINE');
INSERT INTO TableRepas
	VALUES (SeqTable.nextval, 2, 2, 2, 'CUISINE');
INSERT INTO TableRepas
	VALUES (SeqTable.nextval, 2, 2, 2, 'CUISINE');



-- Creation de clients
INSERT INTO Client
	VALUES (SeqClient.nextval, 'ARNAUD', '0607080910');
INSERT INTO Client
	VALUES (SeqClient.nextval, 'CLEMENT', '0000000000');
INSERT INTO Client
	VALUES (SeqClient.nextval, 'FLORENT', '0123456789');
INSERT INTO Client
	VALUES (SeqClient.nextval, 'FLORIAN', '0605040302');
INSERT INTO Client
	VALUES (SeqClient.nextval, 'IAGO', '0987654321');
INSERT INTO Client
	VALUES (SeqClient.nextval, 'NICOLAS', '0102030405');



-- Creation de cartes
INSERT INTO Carte
	VALUES (SeqCarte.nextval);
INSERT INTO Carte
	VALUES (SeqCarte.nextval);
INSERT INTO Carte
	VALUES (SeqCarte.nextval);



-- Creation d'articles
-- Boissons
-- Sodas
INSERT INTO Article
	VALUES ('COCA', 'BOISSON', 'AUCUNE');
INSERT INTO Article
	VALUES ('ORANGINA', 'BOISSON', 'AUCUNE');
INSERT INTO Article
	VALUES ('ICE TEA', 'BOISSON', 'AUCUNE');
INSERT INTO Article
	VALUES ('FANTA', 'BOISSON', 'AUCUNE');
INSERT INTO Article
	VALUES ('DIABOLO', 'BOISSON', 'AUCUNE');
INSERT INTO Article
	VALUES ('SPRITE', 'BOISSON', 'AUCUNE');
INSERT INTO Article
	VALUES ('JUS DE FRUIT', 'BOISSON', 'AUCUNE');
-- Eaux
INSERT INTO Article
	VALUES ('VALS', 'BOISSON', 'AUCUNE');
INSERT INTO Article
	VALUES ('ARCENS', 'BOISSON', 'AUCUNE');
INSERT INTO Article
	VALUES ('SAN PELLEGRINO', 'BOISSON', 'AUCUNE');
INSERT INTO Article
	VALUES ('PERRIER', 'BOISSON', 'AUCUNE');
-- Aperos
INSERT INTO Article
	VALUES ('KIR', 'BOISSON', 'AUCUNE');
INSERT INTO Article
	VALUES ('KIR ROYAL', 'BOISSON', 'AUCUNE');
INSERT INTO Article
	VALUES ('MOJITO', 'BOISSON', 'AUCUNE');
INSERT INTO Article
	VALUES ('WHISKY', 'BOISSON', 'AUCUNE');
INSERT INTO Article
	VALUES ('COCKTAIL MAISON', 'BOISSON', 'AUCUNE');
INSERT INTO Article
	VALUES ('COCKTAIL SANS ALCOOL', 'BOISSON', 'AUCUNE');
-- Vins
INSERT INTO Article
	VALUES ('SANTENAY', 'BOISSON', 'AUCUNE');
INSERT INTO Article
	VALUES ('GIVRY', 'BOISSON', 'AUCUNE');
INSERT INTO Article
	VALUES ('CAIRANNE', 'BOISSON', 'AUCUNE');
INSERT INTO Article
	VALUES ('CORNAS', 'BOISSON', 'AUCUNE');
INSERT INTO Article
	VALUES ('CROZES-HERMITAGE', 'BOISSON', 'AUCUNE');
INSERT INTO Article
	VALUES ('BOURGOGNE', 'BOISSON', 'AUCUNE');
INSERT INTO Article
	VALUES ('RIVESALTES', 'BOISSON', 'AUCUNE');
INSERT INTO Article
	VALUES ('SAUTERNES', 'BOISSON', 'AUCUNE');
INSERT INTO Article
	VALUES ('MONBAZILLAC', 'BOISSON', 'AUCUNE');
INSERT INTO Article
	VALUES ('ALSACE', 'BOISSON', 'AUCUNE');
-- Autres
INSERT INTO Article
	VALUES ('CAFE', 'BOISSON', 'AUCUNE');
INSERT INTO Article
	VALUES ('BIERE', 'BOISSON', 'AUCUNE');
INSERT INTO Article
	VALUES ('CIDRE', 'BOISSON', 'AUCUNE');
INSERT INTO Article
	VALUES ('CLAIRETTE', 'BOISSON', 'ARDECHE');
INSERT INTO Article
	VALUES ('DIGESTIF', 'BOISSON', 'AUCUNE');



-- Menus
INSERT INTO Article
	VALUES ('MENU ECUME DE MER', 'MENU', 'MER');
INSERT INTO Article
	VALUES ('MENU AU COIN DU FEU', 'MENU', 'ARDECHE');
INSERT INTO Article
	VALUES ('MENU ENFANT', 'MENU', 'AUCUNE');

-- Entrees
INSERT INTO Article
	VALUES ('SALADE DE RAVIOLES', 'ENTREE', 'ARDECHE');
INSERT INTO Article
	VALUES ('SALADE DE CAILLETTE', 'ENTREE', 'ARDECHE');
INSERT INTO Article
	VALUES ('TERRINE DE LAPIN', 'ENTREE', 'ARDECHE');
INSERT INTO Article
	VALUES ('FEUILLETE D ESCARGOTS', 'ENTREE', 'ARDECHE');
INSERT INTO Article
	VALUES ('VELOUTE DE CHAMPIGNONS', 'ENTREE', 'ARDECHE');
INSERT INTO Article
	VALUES ('SALADE DE POULPE', 'ENTREE', 'MER');
INSERT INTO Article
	VALUES ('AVOCAT SAUMON FUME', 'ENTREE', 'MER');
INSERT INTO Article
	VALUES ('TERRINE DE LA MER', 'ENTREE', 'MER');
INSERT INTO Article
	VALUES ('TARTARE DE SAUMON ET AGRUMES', 'ENTREE', 'MER');
INSERT INTO Article
	VALUES ('SALADE CESAR', 'ENTREE', 'AUCUNE');
INSERT INTO Article
	VALUES ('TRILOGIE DE POIVRONS ET CHEVRE', 'ENTREE', 'AUCUNE');
INSERT INTO Article
	VALUES ('CREME DE BETTERAVES', 'ENTREE', 'AUCUNE');
INSERT INTO Article
	VALUES ('FOIE GRAS', 'ENTREE', 'AUCUNE');
INSERT INTO Article
	VALUES ('VELOUTE DE CAROTTES AU CUMIN', 'ENTREE', 'AUCUNE');
INSERT INTO Article
	VALUES ('TATIN D AUBERGINES', 'ENTREE', 'AUCUNE');

-- Plats
INSERT INTO Article
	VALUES ('CIVET DE SANGLIER', 'PLAT', 'ARDECHE');
INSERT INTO Article
	VALUES ('TRUITE AUX AMANDES', 'PLAT', 'ARDECHE');
INSERT INTO Article
	VALUES ('GRATIN DE RAVIOLES', 'PLAT', 'ARDECHE');
INSERT INTO Article
	VALUES ('GRATIN DAUPHINOIS AUX CHAMPIGNONS', 'PLAT', 'ARDECHE');
INSERT INTO Article
	VALUES ('CUISSES DE GRENOUILLES', 'PLAT', 'ARDECHE');
INSERT INTO Article
	VALUES ('DINDE AUX CHATAIGNES', 'PLAT', 'ARDECHE');
INSERT INTO Article
	VALUES ('PAVET CABILLAUD', 'PLAT', 'MER');
INSERT INTO Article
	VALUES ('MOULES FRITES', 'PLAT', 'MER');
INSERT INTO Article
	VALUES ('STEAK DE THON', 'PLAT', 'MER');
INSERT INTO Article
	VALUES ('ASPERGES ET COQUILLAGES', 'PLAT', 'MER');
INSERT INTO Article
	VALUES ('MAQUEREAU AU VIN BLANC', 'PLAT', 'MER');
INSERT INTO Article
	VALUES ('GRATIN DE COUTEAUX AU QUINOA', 'PLAT', 'MER');
INSERT INTO Article
	VALUES ('STEAK FRITES', 'PLAT', 'AUCUNE');
INSERT INTO Article
	VALUES ('PIZZA VEGETARIENNE', 'PLAT', 'AUCUNE');
INSERT INTO Article
	VALUES ('BURGER MAISON', 'PLAT', 'AUCUNE');
INSERT INTO Article
	VALUES ('TARTIFLETTE', 'PLAT', 'AUCUNE');
INSERT INTO Article
	VALUES ('LASAGNES', 'PLAT', 'AUCUNE');

--Desserts
INSERT INTO Article
	VALUES ('MARRONS GLACES', 'DESSERT', 'ARDECHE');
INSERT INTO Article
	VALUES ('ASSIETTE DE FROMAGES', 'DESSERT', 'AUCUNE');
INSERT INTO Article
	VALUES ('PROFITEROLES AU CHOCOLAT', 'DESSERT', 'AUCUNE');
INSERT INTO Article
	VALUES ('COUPE GLACEE', 'DESSERT', 'AUCUNE');
INSERT INTO Article
	VALUES ('SALADE DE FRUITS', 'DESSERT', 'AUCUNE');
INSERT INTO Article
	VALUES ('ILE FLOTTANTE', 'DESSERT', 'AUCUNE');
INSERT INTO Article
	VALUES ('CRUMBLE AUX POIRES', 'DESSERT', 'AUCUNE');
INSERT INTO Article
	VALUES ('TIRAMISU AUX SPECULOS', 'DESSERT', 'AUCUNE');
INSERT INTO Article
	VALUES ('TARTE AU CITRON MERINGUEE', 'DESSERT', 'AUCUNE');
INSERT INTO Article
	VALUES ('CAFE GOURMAND', 'BOISSON', 'AUCUNE');



-- Creation de services
INSERT INTO Service
	VALUES (to_date('2016-04-16', 'YYYY-MM-DD'), 'MIDI', 2);
INSERT INTO Service
	VALUES (to_date('2016-04-16', 'YYYY-MM-DD'), 'SOIR', 3);
INSERT INTO Service
	VALUES (to_date('2016-04-18', 'YYYY-MM-DD'), 'MIDI', 1);
INSERT INTO Service
	VALUES (to_date('2016-04-18', 'YYYY-MM-DD'), 'SOIR', 2);
INSERT INTO Service
	VALUES (to_date('2016-04-19', 'YYYY-MM-DD'), 'MIDI', 1);
INSERT INTO Service
	VALUES (to_date('2016-04-19', 'YYYY-MM-DD'), 'SOIR', 2);
INSERT INTO Service
	VALUES (to_date('2016-04-20', 'YYYY-MM-DD'), 'MIDI', 1);
INSERT INTO Service
	VALUES (to_date('2016-04-20', 'YYYY-MM-DD'), 'SOIR', 2);
INSERT INTO Service
	VALUES (to_date('2016-04-21', 'YYYY-MM-DD'), 'MIDI', 1);
INSERT INTO Service
	VALUES (to_date('2016-04-21', 'YYYY-MM-DD'), 'SOIR', 2);
INSERT INTO Service
	VALUES (to_date('2016-04-22', 'YYYY-MM-DD'), 'MIDI', 1);
INSERT INTO Service
	VALUES (to_date('2016-04-22', 'YYYY-MM-DD'), 'SOIR', 3);
INSERT INTO Service
	VALUES (to_date('2016-04-23', 'YYYY-MM-DD'), 'MIDI', 2);
INSERT INTO Service
	VALUES (to_date('2016-04-23', 'YYYY-MM-DD'), 'SOIR', 3);
INSERT INTO Service
	VALUES (to_date('2016-04-25', 'YYYY-MM-DD'), 'MIDI', 1);
INSERT INTO Service
	VALUES (to_date('2016-04-25', 'YYYY-MM-DD'), 'SOIR', 2);
INSERT INTO Service
	VALUES (to_date('2016-04-26', 'YYYY-MM-DD'), 'MIDI', 1);
INSERT INTO Service
	VALUES (to_date('2016-04-26', 'YYYY-MM-DD'), 'SOIR', 2);
INSERT INTO Service
	VALUES (to_date('2016-04-27', 'YYYY-MM-DD'), 'MIDI', 1);
INSERT INTO Service
	VALUES (to_date('2016-04-27', 'YYYY-MM-DD'), 'SOIR', 2);
INSERT INTO Service
	VALUES (to_date('2016-04-28', 'YYYY-MM-DD'), 'MIDI', 1);
INSERT INTO Service
	VALUES (to_date('2016-04-28', 'YYYY-MM-DD'), 'SOIR', 2);
INSERT INTO Service
	VALUES (to_date('2016-04-29', 'YYYY-MM-DD'), 'MIDI', 1);
INSERT INTO Service
	VALUES (to_date('2016-04-29', 'YYYY-MM-DD'), 'SOIR', 3);
INSERT INTO Service
	VALUES (to_date('2016-04-30', 'YYYY-MM-DD'), 'MIDI', 2);
INSERT INTO Service
	VALUES (to_date('2016-04-30', 'YYYY-MM-DD'), 'SOIR', 3);
INSERT INTO Service
	VALUES (to_date('2016-05-02', 'YYYY-MM-DD'), 'MIDI', 1);
INSERT INTO Service
	VALUES (to_date('2016-05-02', 'YYYY-MM-DD'), 'SOIR', 2);
INSERT INTO Service
	VALUES (to_date('2016-05-03', 'YYYY-MM-DD'), 'MIDI', 1);
INSERT INTO Service
	VALUES (to_date('2016-05-03', 'YYYY-MM-DD'), 'SOIR', 2);
INSERT INTO Service
	VALUES (to_date('2016-05-04', 'YYYY-MM-DD'), 'MIDI', 1);
INSERT INTO Service
	VALUES (to_date('2016-05-04', 'YYYY-MM-DD'), 'SOIR', 2);
INSERT INTO Service
	VALUES (to_date('2016-05-05', 'YYYY-MM-DD'), 'MIDI', 1);
INSERT INTO Service
	VALUES (to_date('2016-05-05', 'YYYY-MM-DD'), 'SOIR', 2);
INSERT INTO Service
	VALUES (to_date('2016-05-06', 'YYYY-MM-DD'), 'MIDI', 1);
INSERT INTO Service
	VALUES (to_date('2016-05-06', 'YYYY-MM-DD'), 'SOIR', 3);
INSERT INTO Service
	VALUES (to_date('2016-05-07', 'YYYY-MM-DD'), 'MIDI', 2);
INSERT INTO Service
	VALUES (to_date('2016-05-07', 'YYYY-MM-DD'), 'SOIR', 3);

-- Creation de reservations
INSERT INTO Reservation
	VALUES (SeqReservation.nextval, 2, 20, 00, 5, to_date('2016-04-16', 'YYYY-MM-DD'), 'SOIR');
INSERT INTO Reservation
	VALUES (SeqReservation.nextval, 4, 12, 00, 3, to_date('2016-04-27', 'YYYY-MM-DD'), 'MIDI');
INSERT INTO Reservation
	VALUES (SeqReservation.nextval, 8, 20, 00, 1, to_date('2016-04-27', 'YYYY-MM-DD'), 'SOIR');
INSERT INTO Reservation
	VALUES (SeqReservation.nextval, 2, 20, 00, 6, to_date('2016-04-30', 'YYYY-MM-DD'), 'SOIR');
INSERT INTO Reservation
	VALUES (SeqReservation.nextval, 5, 20, 00, 4, to_date('2016-04-30', 'YYYY-MM-DD'), 'SOIR');
INSERT INTO Reservation
	VALUES (SeqReservation.nextVal, 13, 12, 30, 2, to_date('2016-04-30', 'YYYY-MM-DD'), 'MIDI');



-- Creation de occupe
INSERT INTO Occupe
	VALUES (1, 3);
INSERT INTO Occupe
	VALUES (2, 5);
INSERT INTO Occupe
	VALUES (3, 8);
INSERT INTO Occupe
	VALUES (3, 9);
INSERT INTO Occupe
	VALUES (4, 7);
INSERT INTO Occupe
	VALUES (5, 5);
INSERT INTO Occupe
	VALUES (6, 8);
INSERT INTO Occupe
	VALUES (6, 9);
INSERT INTO Occupe
	VALUES (6, 10);
INSERT INTO Occupe
	VALUES (6, 12);



-- Creation de Coute
INSERT INTO Coute
	VALUES (1, 64.9);
INSERT INTO Coute
	VALUES (2, 95.6);


-- Creation de EstVoisine
-- Exterieur
INSERT INTO EstVoisine
	VALUES (1, 2);
INSERT INTO EstVoisine
	VALUES (2, 1);
INSERT INTO EstVoisine
	VALUES (1, 3);
INSERT INTO EstVoisine
	VALUES (3, 1);
INSERT INTO EstVoisine
	VALUES (2, 3);
INSERT INTO EstVoisine
	VALUES (3, 2);
-- Fenetre
INSERT INTO EstVoisine
	VALUES (4, 5);
INSERT INTO EstVoisine
	VALUES (5, 4);
INSERT INTO EstVoisine
	VALUES (4, 6);
INSERT INTO EstVoisine
	VALUES (6, 4);
INSERT INTO EstVoisine
	VALUES (5, 7);
INSERT INTO EstVoisine
	VALUES (7, 5);
INSERT INTO EstVoisine
	VALUES (6, 7);
INSERT INTO EstVoisine
	VALUES (7, 6);
-- Cuisine
INSERT INTO EstVoisine
	VALUES (8, 9);
INSERT INTO EstVoisine
	VALUES (9, 8);
INSERT INTO EstVoisine
	VALUES (8, 11);
INSERT INTO EstVoisine
	VALUES (11, 8);
INSERT INTO EstVoisine
	VALUES (9, 10);
INSERT INTO EstVoisine
	VALUES (10, 9);
INSERT INTO EstVoisine
	VALUES (10, 12);
INSERT INTO EstVoisine
	VALUES (12, 10);
INSERT INTO EstVoisine
	VALUES (11, 12);
INSERT INTO EstVoisine
	VALUES (12, 11);



-- Creation de ContientPlat
INSERT INTO ContientPlat
	VALUES ('MENU ENFANT', 'STEAK FRITES');
INSERT INTO ContientPlat
	VALUES ('MENU ENFANT', 'PIZZA VEGETARIENNE');
INSERT INTO ContientPlat
	VALUES ('MENU ENFANT', 'BURGER MAISON');
INSERT INTO ContientPlat
	VALUES ('MENU ENFANT', 'LASAGNES');
INSERT INTO ContientPlat
	VALUES ('MENU ECUME DE MER', 'PAVET CABILLAUD');
INSERT INTO ContientPlat
	VALUES ('MENU ECUME DE MER', 'MOULES FRITES');
INSERT INTO ContientPlat
	VALUES ('MENU ECUME DE MER', 'STEAK DE THON');
INSERT INTO ContientPlat
	VALUES ('MENU ECUME DE MER', 'ASPERGES ET COQUILLAGES');
INSERT INTO ContientPlat
	VALUES ('MENU ECUME DE MER', 'MAQUEREAU AU VIN BLANC');
INSERT INTO ContientPlat
	VALUES ('MENU ECUME DE MER', 'GRATIN DE COUTEAUX AU QUINOA');
INSERT INTO ContientPlat
	VALUES ('MENU AU COIN DU FEU', 'CIVET DE SANGLIER');
INSERT INTO ContientPlat
	VALUES ('MENU AU COIN DU FEU', 'TRUITE AUX AMANDES');
INSERT INTO ContientPlat
	VALUES ('MENU AU COIN DU FEU', 'GRATIN DE RAVIOLES');
INSERT INTO ContientPlat
	VALUES ('MENU AU COIN DU FEU', 'GRATIN DAUPHINOIS AUX CHAMPIGNONS');
INSERT INTO ContientPlat
	VALUES ('MENU AU COIN DU FEU', 'CUISSES DE GRENOUILLES');
INSERT INTO ContientPlat
	VALUES ('MENU AU COIN DU FEU', 'DINDE AUX CHATAIGNES');



-- Creation de ContientAutreArticle
-- Menu enfant
-- Dessert
INSERT INTO ContientAutreArticle
	VALUES ('MENU ENFANT', 'PROFITEROLES AU CHOCOLAT');
INSERT INTO ContientAutreArticle
	VALUES ('MENU ENFANT', 'COUPE GLACEE');
INSERT INTO ContientAutreArticle
	VALUES ('MENU ENFANT', 'SALADE DE FRUITS');
INSERT INTO ContientAutreArticle
	VALUES ('MENU ENFANT', 'ILE FLOTTANTE');
INSERT INTO ContientAutreArticle
	VALUES ('MENU ENFANT', 'CRUMBLE AUX POIRES');
INSERT INTO ContientAutreArticle
	VALUES ('MENU ENFANT', 'TIRAMISU AUX SPECULOS');

-- Menu ecume de mer
-- Entree
INSERT INTO ContientAutreArticle
	VALUES ('MENU ECUME DE MER', 'SALADE DE POULPE');
INSERT INTO ContientAutreArticle
	VALUES ('MENU ECUME DE MER', 'AVOCAT SAUMON FUME');
INSERT INTO ContientAutreArticle
	VALUES ('MENU ECUME DE MER', 'TERRINE DE LA MER');
INSERT INTO ContientAutreArticle
	VALUES ('MENU ECUME DE MER', 'TARTARE DE SAUMON ET AGRUMES');
-- Dessert
INSERT INTO ContientAutreArticle
	VALUES ('MENU ECUME DE MER', 'ASSIETTE DE FROMAGES');
INSERT INTO ContientAutreArticle
	VALUES ('MENU ECUME DE MER', 'PROFITEROLES AU CHOCOLAT');
INSERT INTO ContientAutreArticle
	VALUES ('MENU ECUME DE MER', 'SALADE DE FRUITS');
INSERT INTO ContientAutreArticle
	VALUES ('MENU ECUME DE MER', 'CRUMBLE AUX POIRES');
INSERT INTO ContientAutreArticle
	VALUES ('MENU ECUME DE MER', 'TIRAMISU AUX SPECULOS');
INSERT INTO ContientAutreArticle
	VALUES ('MENU ECUME DE MER', 'CAFE GOURMAND');

-- Menu au coin du feu
-- Boisson
INSERT INTO ContientAutreArticle
	VALUES ('MENU AU COIN DU FEU', 'KIR');
INSERT INTO ContientAutreArticle
	VALUES ('MENU AU COIN DU FEU', 'KIR ROYAL');
INSERT INTO ContientAutreArticle
	VALUES ('MENU AU COIN DU FEU', 'COCKTAIL MAISON');
INSERT INTO ContientAutreArticle
	VALUES ('MENU AU COIN DU FEU', 'COCKTAIL SANS ALCOOL');
INSERT INTO ContientAutreArticle
	VALUES ('MENU AU COIN DU FEU', 'COCA');
INSERT INTO ContientAutreArticle
	VALUES ('MENU AU COIN DU FEU', 'ICE TEA');
INSERT INTO ContientAutreArticle
	VALUES ('MENU AU COIN DU FEU', 'JUS DE FRUIT');
-- Entree
INSERT INTO ContientAutreArticle
	VALUES ('MENU AU COIN DU FEU', 'SALADE DE RAVIOLES');
INSERT INTO ContientAutreArticle
	VALUES ('MENU AU COIN DU FEU', 'SALADE DE CAILLETTE');
INSERT INTO ContientAutreArticle
	VALUES ('MENU AU COIN DU FEU', 'TERRINE DE LAPIN');
INSERT INTO ContientAutreArticle
	VALUES ('MENU AU COIN DU FEU', 'FEUILLETE D ESCARGOTS');
INSERT INTO ContientAutreArticle
	VALUES ('MENU AU COIN DU FEU', 'VELOUTE DE CHAMPIGNONS');
-- Dessert
INSERT INTO ContientAutreArticle
	VALUES ('MENU AU COIN DU FEU', 'MARRONS GLACES');
INSERT INTO ContientAutreArticle
	VALUES ('MENU AU COIN DU FEU', 'ASSIETTE DE FROMAGES');
INSERT INTO ContientAutreArticle
	VALUES ('MENU AU COIN DU FEU', 'PROFITEROLES AU CHOCOLAT');
INSERT INTO ContientAutreArticle
	VALUES ('MENU AU COIN DU FEU', 'ILE FLOTTANTE');
INSERT INTO ContientAutreArticle
	VALUES ('MENU AU COIN DU FEU', 'TARTE AU CITRON MERINGUEE');
INSERT INTO ContientAutreArticle
	VALUES ('MENU AU COIN DU FEU', 'COUPE GLACEE');
INSERT INTO ContientAutreArticle
	VALUES ('MENU AU COIN DU FEU', 'CAFE GOURMAND');



-- Creation EstElement
-- Carte 1
-- Menus
INSERT INTO EstElement
	VALUES ('MENU ECUME DE MER', 1, 21.0);
-- Boissons
INSERT INTO EstElement
	VALUES ('COCA', 1, 2.0);
INSERT INTO EstElement
	VALUES ('ICE TEA', 1, 2.0);
INSERT INTO EstElement
	VALUES ('DIABOLO', 1, 1.80);
INSERT INTO EstElement
	VALUES ('JUS DE FRUIT', 1, 1.80);
INSERT INTO EstElement
	VALUES ('VALS', 1, 2.30);
INSERT INTO EstElement
	VALUES ('ARCENS', 1, 2.30);
INSERT INTO EstElement
	VALUES ('SAN PELLEGRINO', 1, 2.50);
INSERT INTO EstElement
	VALUES ('PERRIER', 1, 3.0);
INSERT INTO EstElement
	VALUES ('KIR', 1, 5.0);
INSERT INTO EstElement
	VALUES ('MOJITO', 1, 5.50);
INSERT INTO EstElement
	VALUES ('WHISKY', 1, 6.0);
INSERT INTO EstElement
	VALUES ('COCKTAIL MAISON', 1, 5.40);
INSERT INTO EstElement
	VALUES ('COCKTAIL SANS ALCOOL', 1, 5.0);
INSERT INTO EstElement
	VALUES ('CORNAS', 1, 12.0);
INSERT INTO EstElement
	VALUES ('CROZES-HERMITAGE', 1, 14.50);
INSERT INTO EstElement
	VALUES ('SAUTERNES', 1, 16.0);
INSERT INTO EstElement
	VALUES ('MONBAZILLAC', 1, 20.0);
INSERT INTO EstElement
	VALUES ('CAFE', 1, 1.60);
INSERT INTO EstElement
	VALUES ('BIERE', 1, 3.0);
-- Entrees
INSERT INTO EstElement
	VALUES ('SALADE CESAR', 1, 8.80);
INSERT INTO EstElement
	VALUES ('TRILOGIE DE POIVRONS ET CHEVRE', 1, 9.10);
INSERT INTO EstElement
	VALUES ('CREME DE BETTERAVES', 1, 8.50);
INSERT INTO EstElement
	VALUES ('FOIE GRAS', 1, 10.30);
INSERT INTO EstElement
	VALUES ('VELOUTE DE CAROTTES AU CUMIN', 1, 8.60);
INSERT INTO EstElement
	VALUES ('TATIN D AUBERGINES', 1, 8.60);
-- Plats
INSERT INTO EstElement
	VALUES ('TRUITE AUX AMANDES', 1, 13.50);
INSERT INTO EstElement
	VALUES ('GRATIN DE RAVIOLES', 1, 13.50);
INSERT INTO EstElement
	VALUES ('MOULES FRITES', 1, 11.20);
INSERT INTO EstElement
	VALUES ('MAQUEREAU AU VIN BLANC', 1, 14.60);
INSERT INTO EstElement
	VALUES ('PIZZA VEGETARIENNE', 1, 11.20);
INSERT INTO EstElement
	VALUES ('BURGER MAISON', 1, 12.50);
INSERT INTO EstElement
	VALUES ('LASAGNES', 1, 13.50);
--Desserts
INSERT INTO EstElement
	VALUES ('MARRONS GLACES', 1, 7.80);
INSERT INTO EstElement
	VALUES ('ASSIETTE DE FROMAGES', 1, 8.50);
INSERT INTO EstElement
	VALUES ('PROFITEROLES AU CHOCOLAT', 1, 8.50);
INSERT INTO EstElement
	VALUES ('COUPE GLACEE', 1, 6.50);
INSERT INTO EstElement
	VALUES ('SALADE DE FRUITS', 1, 7.70);
INSERT INTO EstElement
	VALUES ('ILE FLOTTANTE', 1, 8.80);
INSERT INTO EstElement
	VALUES ('CRUMBLE AUX POIRES', 1, 8.80);
INSERT INTO EstElement
	VALUES ('TIRAMISU AUX SPECULOS', 1, 9.10);
INSERT INTO EstElement
	VALUES ('TARTE AU CITRON MERINGUEE', 1, 9.10);
INSERT INTO EstElement
	VALUES ('CAFE GOURMAND', 1, 8.50);


-- Carte 2
-- Menus
INSERT INTO EstElement
	VALUES ('MENU ENFANT', 2, 10.50);
INSERT INTO EstElement
	VALUES ('MENU AU COIN DU FEU', 2, 25.90);
-- Boissons
INSERT INTO EstElement
	VALUES ('COCA', 2, 2.0);
INSERT INTO EstElement
	VALUES ('ICE TEA', 2, 2.0);
INSERT INTO EstElement
	VALUES ('DIABOLO', 2, 1.80);
INSERT INTO EstElement
	VALUES ('JUS DE FRUIT', 2, 1.80);
INSERT INTO EstElement
	VALUES ('VALS', 2, 2.30);
INSERT INTO EstElement
	VALUES ('ARCENS', 2, 2.30);
INSERT INTO EstElement
	VALUES ('SAN PELLEGRINO', 2, 2.50);
INSERT INTO EstElement
	VALUES ('PERRIER', 2, 3.0);
INSERT INTO EstElement
	VALUES ('KIR', 2, 5.0);
INSERT INTO EstElement
	VALUES ('MOJITO', 2, 5.50);
INSERT INTO EstElement
	VALUES ('WHISKY', 2, 6.0);
INSERT INTO EstElement
	VALUES ('COCKTAIL MAISON', 2, 5.40);
INSERT INTO EstElement
	VALUES ('COCKTAIL SANS ALCOOL', 2, 5.0);
INSERT INTO EstElement
	VALUES ('CORNAS', 2, 12.0);
INSERT INTO EstElement
	VALUES ('CROZES-HERMITAGE', 2, 14.50);
INSERT INTO EstElement
	VALUES ('SAUTERNES', 2, 16.0);
INSERT INTO EstElement
	VALUES ('MONBAZILLAC', 2, 20.0);
INSERT INTO EstElement
	VALUES ('CAFE', 2, 1.60);
INSERT INTO EstElement
	VALUES ('BIERE', 2, 3.0);
INSERT INTO EstElement
	VALUES ('CLAIRETTE', 2, 18.0);
INSERT INTO EstElement
	VALUES ('DIGESTIF', 2, 7.50);
-- Entrees
INSERT INTO EstElement
	VALUES ('SALADE CESAR', 2, 8.80);
INSERT INTO EstElement
	VALUES ('TRILOGIE DE POIVRONS ET CHEVRE', 2, 9.10);
INSERT INTO EstElement
	VALUES ('CREME DE BETTERAVES', 2, 8.50);
INSERT INTO EstElement
	VALUES ('FOIE GRAS', 2, 10.30);
INSERT INTO EstElement
	VALUES ('VELOUTE DE CAROTTES AU CUMIN', 2, 8.60);
INSERT INTO EstElement
	VALUES ('TATIN D AUBERGINES', 2, 8.60);
-- Plats
INSERT INTO EstElement
	VALUES ('TRUITE AUX AMANDES', 2, 13.50);
INSERT INTO EstElement
	VALUES ('GRATIN DE RAVIOLES', 2, 13.50);
INSERT INTO EstElement
	VALUES ('MOULES FRITES', 2, 11.20);
INSERT INTO EstElement
	VALUES ('MAQUEREAU AU VIN BLANC', 2, 14.60);
INSERT INTO EstElement
	VALUES ('PIZZA VEGETARIENNE', 2, 11.20);
INSERT INTO EstElement
	VALUES ('BURGER MAISON', 2, 12.50);
INSERT INTO EstElement
	VALUES ('LASAGNES', 2, 13.50);
--Desserts
INSERT INTO EstElement
	VALUES ('MARRONS GLACES', 2, 7.80);
INSERT INTO EstElement
	VALUES ('ASSIETTE DE FROMAGES', 2, 8.50);
INSERT INTO EstElement
	VALUES ('PROFITEROLES AU CHOCOLAT', 2, 8.50);
INSERT INTO EstElement
	VALUES ('COUPE GLACEE', 2, 6.50);
INSERT INTO EstElement
	VALUES ('SALADE DE FRUITS', 2, 7.70);
INSERT INTO EstElement
	VALUES ('ILE FLOTTANTE', 2, 8.80);
INSERT INTO EstElement
	VALUES ('CRUMBLE AUX POIRES', 2, 8.80);
INSERT INTO EstElement
	VALUES ('TIRAMISU AUX SPECULOS', 2, 9.10);
INSERT INTO EstElement
	VALUES ('TARTE AU CITRON MERINGUEE', 2, 9.10);
INSERT INTO EstElement
	VALUES ('CAFE GOURMAND', 2, 8.50);

-- Carte 3
-- Menus
INSERT INTO EstElement
	VALUES ('MENU ENFANT', 3, 12.0);
INSERT INTO EstElement
	VALUES ('MENU AU COIN DU FEU', 3, 28.90);
INSERT INTO EstElement
	VALUES ('MENU ECUME DE MER', 3, 21.50);
-- Boissons
INSERT INTO EstElement
	VALUES ('COCA', 3, 3.0);
INSERT INTO EstElement
	VALUES ('ICE TEA', 3, 3.0);
INSERT INTO EstElement
	VALUES ('DIABOLO', 3, 1.80);
INSERT INTO EstElement
	VALUES ('JUS DE FRUIT', 3, 1.80);
INSERT INTO EstElement
	VALUES ('VALS', 3, 3.30);
INSERT INTO EstElement
	VALUES ('ARCENS', 3, 3.30);
INSERT INTO EstElement
	VALUES ('SAN PELLEGRINO', 3, 3.50);
INSERT INTO EstElement
	VALUES ('PERRIER', 3, 3.0);
INSERT INTO EstElement
	VALUES ('KIR', 3, 5.0);
INSERT INTO EstElement
	VALUES ('MOJITO', 3, 5.50);
INSERT INTO EstElement
	VALUES ('WHISKY', 3, 6.0);
INSERT INTO EstElement
	VALUES ('COCKTAIL MAISON', 3, 5.40);
INSERT INTO EstElement
	VALUES ('COCKTAIL SANS ALCOOL', 3, 5.0);
INSERT INTO EstElement
	VALUES ('CORNAS', 3, 13.0);
INSERT INTO EstElement
	VALUES ('CROZES-HERMITAGE', 3, 14.50);
INSERT INTO EstElement
	VALUES ('SAUTERNES', 3, 16.0);
INSERT INTO EstElement
	VALUES ('MONBAZILLAC', 3, 30.0);
INSERT INTO EstElement
	VALUES ('CAFE', 3, 1.60);
INSERT INTO EstElement
	VALUES ('BIERE', 3, 3.0);
INSERT INTO EstElement
	VALUES ('CLAIRETTE', 3, 18.0);
INSERT INTO EstElement
	VALUES ('DIGESTIF', 3, 7.50);
-- Entrees
INSERT INTO EstElement
	VALUES ('SALADE CESAR', 3, 8.80);
INSERT INTO EstElement
	VALUES ('TRILOGIE DE POIVRONS ET CHEVRE', 3, 9.10);
INSERT INTO EstElement
	VALUES ('CREME DE BETTERAVES', 3, 8.50);
INSERT INTO EstElement
	VALUES ('FOIE GRAS', 3, 10.30);
INSERT INTO EstElement
	VALUES ('VELOUTE DE CAROTTES AU CUMIN', 3, 8.60);
INSERT INTO EstElement
	VALUES ('TATIN D AUBERGINES', 3, 8.60);
-- Plats
INSERT INTO EstElement
	VALUES ('TRUITE AUX AMANDES', 3, 13.50);
INSERT INTO EstElement
	VALUES ('GRATIN DE RAVIOLES', 3, 13.50);
INSERT INTO EstElement
	VALUES ('MOULES FRITES', 3, 11.20);
INSERT INTO EstElement
	VALUES ('MAQUEREAU AU VIN BLANC', 3, 14.60);
INSERT INTO EstElement
	VALUES ('PIZZA VEGETARIENNE', 3, 11.20);
INSERT INTO EstElement
	VALUES ('BURGER MAISON', 3, 12.50);
INSERT INTO EstElement
	VALUES ('LASAGNES', 3, 13.50);
--Desserts
INSERT INTO EstElement
	VALUES ('MARRONS GLACES', 3, 7.80);
INSERT INTO EstElement
	VALUES ('ASSIETTE DE FROMAGES', 3, 8.50);
INSERT INTO EstElement
	VALUES ('PROFITEROLES AU CHOCOLAT', 3, 8.50);
INSERT INTO EstElement
	VALUES ('COUPE GLACEE', 3, 6.50);
INSERT INTO EstElement
	VALUES ('SALADE DE FRUITS', 3, 7.70);
INSERT INTO EstElement
	VALUES ('ILE FLOTTANTE', 3, 8.80);
INSERT INTO EstElement
	VALUES ('CRUMBLE AUX POIRES', 3, 8.80);
INSERT INTO EstElement
	VALUES ('TIRAMISU AUX SPECULOS', 3, 9.10);
INSERT INTO EstElement
	VALUES ('TARTE AU CITRON MERINGUEE', 3, 9.10);
INSERT INTO EstElement
	VALUES ('CAFE GOURMAND', 3, 8.50);


-- Creation des commandes
INSERT INTO Commande
	VALUES (1, 'MENU AU COIN DU FEU', 1);
INSERT INTO Commande
	VALUES (1, 'MENU ECUME DE MER', 1);
INSERT INTO Commande
	VALUES (1, 'CROZES-HERMITAGE', 1);
INSERT INTO Commande
	VALUES (2, 'COCA', 1);
INSERT INTO Commande
	VALUES (2, 'MENU ECUME DE MER', 3);
INSERT INTO Commande
	VALUES (2, 'VELOUTE DE CAROTTES AU CUMIN', 1);
INSERT INTO Commande
	VALUES (2, 'GRATIN DE RAVIOLES', 1);
INSERT INTO Commande
	VALUES (2, 'CAFE GOURMAND', 1);

